{"_runtime":31.5338353,"test_accuracy":0.1,"epoch":9,"_timestamp":1.7408056094387658e+09,"_step":10,"val_loss":2.3032724394390045,"train_loss":2.303564538559041,"_wandb":{"runtime":31},"val_accuracy":0.0995,"train_accuracy":0.10005555555555555}