{"loss":0.17290259346939615,"_timestamp":1.740642809645747e+09,"_runtime":1.974698,"_step":7,"_wandb":{"runtime":1},"acc":0.7529638551186405}