{"_step":10,"epoch":9,"train_loss":0.3655563244726814,"val_accuracy":0.8473333333333334,"_timestamp":1.7407706438583393e+09,"test_accuracy":0.8345,"_wandb":{"runtime":26},"_runtime":26.379094}