{"test_accuracy":0.8456,"_wandb":{"runtime":10},"_step":10,"epoch":9,"train_loss":0.5842506388153502,"val_accuracy":0.8515,"_timestamp":1.740771835900781e+09,"_runtime":10.649623}