{"epoch":9,"test_accuracy":0.8131,"_wandb":{"runtime":16},"train_loss":0.6408430270965598,"val_accuracy":0.8268333333333333,"_timestamp":1.7407748862627473e+09,"_runtime":16.6834181,"_step":10}