{"_runtime":13.4105612,"_step":10,"epoch":9,"train_loss":0.28438750416177405,"test_accuracy":0.8712,"_wandb":{"runtime":13},"val_accuracy":0.8818333333333334,"_timestamp":1.7407720981791883e+09}