{"_step":10,"test_accuracy":0.8607,"_wandb":{"runtime":15},"epoch":9,"train_loss":0.16948548967160887,"val_accuracy":0.8683333333333333,"_timestamp":1.7407725426826696e+09,"_runtime":15.152154}