{"test_accuracy":0.8621,"_wandb":{"runtime":18},"train_loss":0.09903985359331036,"val_accuracy":0.864,"_timestamp":1.7407748127104697e+09,"_runtime":18.6947026,"_step":10,"epoch":9}