{"epoch":9,"train_loss":0.22407710522818536,"val_accuracy":0.8603333333333333,"_timestamp":1.7407757778251483e+09,"test_accuracy":0.8544,"_wandb":{"runtime":9},"_runtime":9.8531851,"_step":10}