{"_step":10,"epoch":9,"train_loss":0.25027073720409987,"test_accuracy":0.8526,"_wandb":{"runtime":14},"val_accuracy":0.8593333333333333,"_timestamp":1.740774668201466e+09,"_runtime":14.6345038}