{"epoch":9,"train_loss":0.317132779111737,"val_accuracy":0.8765,"_timestamp":1.7407816259999526e+09,"_runtime":12.7234514,"_step":10,"test_accuracy":0.8719,"_wandb":{"runtime":12}}