{"_runtime":38.3804874,"test_accuracy":0.8727,"_wandb":{"runtime":38},"_step":10,"epoch":9,"train_loss":0.10060873608821369,"val_accuracy":0.8763333333333333,"_timestamp":1.7407837079592e+09}