{"test_accuracy":0.8623,"_wandb":{"runtime":15},"epoch":4,"train_loss":0.3777899138541819,"val_accuracy":0.8676666666666667,"_timestamp":1.7407836617103145e+09,"_runtime":15.5649941,"_step":5}