{"_timestamp":1.7407843846276686e+09,"_runtime":9.2871355,"_step":10,"epoch":9,"train_loss":0.32586889677155295,"test_accuracy":0.8484,"_wandb":{"runtime":9},"val_accuracy":0.8566666666666667}