{"_runtime":10.3549995,"test_accuracy":0.8683,"_wandb":{"runtime":10},"_step":10,"epoch":9,"train_loss":0.24240873437612367,"val_accuracy":0.8738333333333334,"_timestamp":1.7407723538949814e+09}