{"_runtime":18.1412877,"_step":10,"test_accuracy":0.7255,"_wandb":{"runtime":18},"epoch":9,"train_loss":0.7788200424178786,"val_accuracy":0.731,"_timestamp":1.7407677238768866e+09}