{"epoch":9,"train_loss":0.2870957446659128,"val_accuracy":0.8345,"_timestamp":1.7407822367012866e+09,"test_accuracy":0.8298,"_wandb":{"runtime":19},"_runtime":19.3991661,"_step":10}