{"test_accuracy":0.8785,"_wandb":{"runtime":25},"_step":10,"epoch":9,"train_loss":0.20686098504161365,"val_accuracy":0.8856666666666667,"_timestamp":1.7407724189481652e+09,"_runtime":25.7929221}