{"_timestamp":1.7407691246826258e+09,"test_accuracy":0.1,"_wandb":{"runtime":9},"_runtime":9.8333075,"_step":5,"epoch":4,"train_loss":2.2870370379991334,"val_accuracy":0.1}