{"_runtime":85.8645864,"test_accuracy":0.8745,"_wandb":{"runtime":85},"_step":10,"epoch":9,"train_loss":0.0222548054597537,"val_accuracy":0.8853333333333333,"_timestamp":1.740783367480455e+09}