{"train_loss":0.1892135257935656,"val_accuracy":0.8598333333333333,"_timestamp":1.7407816971572607e+09,"_runtime":8.5054495,"_step":5,"test_accuracy":0.8522,"_wandb":{"runtime":8},"epoch":4}