{"_runtime":44.578721,"_step":10,"epoch":9,"train_loss":0.34027762735667294,"test_accuracy":0.8637,"_wandb":{"runtime":44},"val_accuracy":0.8728333333333333,"_timestamp":1.7407816043705091e+09}