{"_wandb":{"runtime":13},"epoch":9,"train_loss":0.14370719880812333,"val_accuracy":0.8798333333333334,"_timestamp":1.740775443748951e+09,"_runtime":13.4235064,"_step":10,"test_accuracy":0.8741}