{"test_accuracy":0.8567,"_wandb":{"runtime":9},"epoch":9,"train_loss":0.4611216488368554,"val_accuracy":0.87,"_timestamp":1.7407838711093752e+09,"_runtime":9.322611,"_step":10}