{"_runtime":13.1165534,"_step":10,"test_accuracy":0.8711,"_wandb":{"runtime":13},"epoch":9,"train_loss":0.29249106057984087,"val_accuracy":0.8823333333333333,"_timestamp":1.740781647950166e+09}