{"epoch":9,"train_loss":2.3029186375555035,"val_accuracy":0.10116666666666667,"_timestamp":1.7407699651529636e+09,"_runtime":71.3868079,"_step":10,"test_accuracy":0.1,"_wandb":{"runtime":71}}