{"_timestamp":1.7406423054461005e+09,"_runtime":0.8262878,"_step":7,"_wandb":{"runtime":0},"acc":0.8184059598413231,"loss":0.24878903170756397}