{"_timestamp":1.7407725760119119e+09,"_runtime":10.2732884,"_step":10,"test_accuracy":0.8088,"_wandb":{"runtime":10},"epoch":9,"train_loss":0.5203353054922228,"val_accuracy":0.8126666666666666}