{"val_accuracy":0.828,"_timestamp":1.7407726337769215e+09,"_runtime":10.1342849,"_step":10,"test_accuracy":0.8197,"_wandb":{"runtime":10},"epoch":9,"train_loss":0.41311483698860496}