{"val_accuracy":0.874,"_timestamp":1.7407753054825783e+09,"_runtime":15.2785653,"_step":10,"test_accuracy":0.8678,"_wandb":{"runtime":15},"epoch":9,"train_loss":0.14448348908380934}