{"_timestamp":1.7407720393178158e+09,"_runtime":13.9151591,"_step":10,"test_accuracy":0.8642,"_wandb":{"runtime":13},"epoch":9,"train_loss":0.34882941463606865,"val_accuracy":0.8663333333333333}