{"_runtime":10.4183577,"_step":10,"test_accuracy":0.8569,"_wandb":{"runtime":10},"epoch":9,"train_loss":0.17803642062108466,"val_accuracy":0.868,"_timestamp":1.7407822975268178e+09}