{"_step":10,"test_accuracy":0.7363,"_wandb":{"runtime":14},"epoch":9,"train_loss":0.5230035326600689,"val_accuracy":0.7398333333333333,"_timestamp":1.7407678481880436e+09,"_runtime":14.2756977}