{"_runtime":10.8803733,"_step":10,"epoch":9,"train_loss":0.3160111403330822,"val_accuracy":0.8765,"_timestamp":1.740775095858805e+09,"test_accuracy":0.8704,"_wandb":{"runtime":10}}