{"epoch":9,"train_loss":0.22987559044052427,"val_accuracy":0.8696666666666667,"test_accuracy":0.8607,"_wandb":{"runtime":13},"_timestamp":1.7407728052622938e+09,"_runtime":13.2210114,"_step":10}