{"_timestamp":1.740772216747638e+09,"_runtime":18.3082109,"test_accuracy":0.8762,"_wandb":{"runtime":18},"_step":10,"epoch":9,"train_loss":0.32602433819705245,"val_accuracy":0.8856666666666667}