{"epoch":4,"train_loss":0.6189538059790516,"val_accuracy":0.852,"_timestamp":1.7407834724302354e+09,"test_accuracy":0.8458,"_wandb":{"runtime":8},"_runtime":8.6873866,"_step":5}