{"_step":10,"test_accuracy":0.8598,"_wandb":{"runtime":13},"epoch":9,"train_loss":0.4007252076306491,"val_accuracy":0.8651666666666666,"_timestamp":1.7407833908661754e+09,"_runtime":13.6422697}