{"train_loss":0.12993715085904514,"val_accuracy":0.8928333333333334,"_timestamp":1.7407755002611237e+09,"_runtime":48.0006197,"test_accuracy":0.8839,"_wandb":{"runtime":48},"_step":10,"epoch":9}