{"_runtime":8.8902455,"test_accuracy":0.8703,"_wandb":{"runtime":8},"_step":10,"epoch":9,"train_loss":0.4760099096148839,"val_accuracy":0.8768333333333334,"_timestamp":1.7407825534571362e+09}