{"_runtime":9.4703443,"_step":10,"test_accuracy":0.8611,"_wandb":{"runtime":9},"epoch":9,"train_loss":0.3026741157082262,"val_accuracy":0.8708333333333333,"_timestamp":1.7407744404707718e+09}