{"_wandb":{"runtime":15},"_timestamp":1.7407836188298967e+09,"_runtime":15.7519118,"_step":10,"epoch":9,"train_loss":0.31060714453869837,"val_accuracy":0.8611666666666666,"test_accuracy":0.8537}