{"_step":5,"test_accuracy":0.1,"_wandb":{"runtime":7},"epoch":4,"train_loss":2.3030497421912304,"val_accuracy":0.10116666666666667,"_timestamp":1.7407675635594172e+09,"_runtime":7.2530068}