{"test_accuracy":0.8701,"_wandb":{"runtime":89},"_runtime":89.9015631,"_step":10,"epoch":9,"train_loss":0.052859729867113424,"val_accuracy":0.8758333333333334,"_timestamp":1.7407698880237272e+09}