{"val_accuracy":0.8885,"_timestamp":1.7407838567239642e+09,"_runtime":21.7110062,"test_accuracy":0.8766,"_wandb":{"runtime":21},"_step":10,"epoch":9,"train_loss":0.19562151449453258}