{"epoch":9,"train_loss":0.46294325214191895,"test_accuracy":0.8192,"_wandb":{"runtime":11},"val_accuracy":0.8221666666666667,"_timestamp":1.7407728851020918e+09,"_runtime":11.8921996,"_step":10}