{"_runtime":22.201302,"_step":10,"epoch":9,"train_loss":0.15529710981014813,"val_accuracy":0.8951666666666667,"_timestamp":1.740775579396879e+09,"test_accuracy":0.8856,"_wandb":{"runtime":22}}