{"val_accuracy":0.8783333333333333,"_timestamp":1.7407752458798296e+09,"_runtime":10.1339703,"_step":10,"epoch":9,"train_loss":0.14206662798565473,"test_accuracy":0.8715,"_wandb":{"runtime":10}}