{"_step":10,"epoch":9,"train_loss":0.4522951777751838,"val_accuracy":0.8241666666666667,"test_accuracy":0.8177,"_wandb":{"runtime":13},"_timestamp":1.740771951779536e+09,"_runtime":13.249094}