{"train_loss":0.4020987189038179,"val_accuracy":0.8651666666666666,"test_accuracy":0.8574,"_wandb":{"runtime":29},"_timestamp":1.7407680602850204e+09,"_runtime":29.4750257,"_step":10,"epoch":9}