{"_runtime":11.2877349,"_step":10,"epoch":9,"train_loss":0.1263867560336722,"val_accuracy":0.8871666666666667,"_timestamp":1.7407745672235718e+09,"test_accuracy":0.8764,"_wandb":{"runtime":11}}