{"_runtime":26.864695,"_step":10,"epoch":9,"train_loss":0.7176711791248842,"val_accuracy":0.8238333333333333,"_timestamp":1.7407692485223553e+09,"test_accuracy":0.8129,"_wandb":{"runtime":26}}