{"_runtime":5.0180679,"_step":5,"epoch":4,"train_loss":0.5747763988841947,"val_accuracy":0.7738333333333334,"_timestamp":1.7407676461665509e+09,"test_accuracy":0.7694,"_wandb":{"runtime":5}}