{"_step":10,"test_accuracy":0.877,"_wandb":{"runtime":14},"epoch":9,"train_loss":0.25599988565494425,"val_accuracy":0.8786666666666667,"_timestamp":1.7407838282968323e+09,"_runtime":14.985562}