{"_timestamp":1.7407719314102209e+09,"_runtime":9.2433286,"_step":5,"epoch":4,"train_loss":0.5185120398881496,"test_accuracy":0.8474,"_wandb":{"runtime":9},"val_accuracy":0.857}