{"_runtime":8.8321832,"_step":5,"epoch":4,"test_accuracy":0.1,"_wandb":{"runtime":8},"train_loss":2.302450502438125,"val_accuracy":0.09766666666666667,"_timestamp":1.740767548274295e+09}