{"_wandb":{"runtime":9},"train_loss":0.4883471618606552,"val_accuracy":0.8663333333333333,"_timestamp":1.7407722669052262e+09,"_runtime":9.3170758,"_step":10,"epoch":9,"test_accuracy":0.8636}