{"test_accuracy":0.8575,"_wandb":{"runtime":12},"_timestamp":1.7407840909216955e+09,"_runtime":12.7477985,"_step":10,"epoch":9,"train_loss":0.3540735448507599,"val_accuracy":0.8686666666666667}