{"_step":10,"epoch":9,"train_loss":0.28191649462475615,"val_accuracy":0.8646666666666667,"_timestamp":1.7407723079284892e+09,"_runtime":17.7783482,"test_accuracy":0.8597,"_wandb":{"runtime":17}}