{"test_accuracy":0.8818,"_wandb":{"runtime":14},"val_accuracy":0.8826666666666667,"_timestamp":1.7407843242435849e+09,"_runtime":14.4627488,"_step":10,"epoch":9,"train_loss":0.14076029239097948}