{"_wandb":{"runtime":14},"_timestamp":1.7407719965331316e+09,"_runtime":14.1716087,"_step":10,"epoch":9,"train_loss":0.4805555210463195,"val_accuracy":0.8578333333333333,"test_accuracy":0.8546}