{"epoch":9,"test_accuracy":0.8602,"_wandb":{"runtime":14},"train_loss":0.3018950126195187,"val_accuracy":0.8635,"_timestamp":1.7407814243907769e+09,"_runtime":14.4958694,"_step":10}