{"test_accuracy":0.8624,"_wandb":{"runtime":9},"_timestamp":1.74077562025676e+09,"_runtime":9.2116657,"_step":10,"epoch":9,"train_loss":0.2998706810412032,"val_accuracy":0.8648333333333333}