{"val_accuracy":0.8561666666666666,"_timestamp":1.7407839762173374e+09,"_runtime":11.7169112,"_step":10,"epoch":9,"test_accuracy":0.8576,"_wandb":{"runtime":11},"train_loss":0.22652686463673827}