{"val_accuracy":0.826,"_timestamp":1.7407832521702724e+09,"_runtime":13.6220138,"_step":10,"test_accuracy":0.8175,"_wandb":{"runtime":13},"epoch":9,"train_loss":0.5046445636548541}