{"epoch":4,"train_loss":0.5367765367791673,"val_accuracy":0.8671666666666666,"test_accuracy":0.8612,"_wandb":{"runtime":38},"_timestamp":1.740781378022325e+09,"_runtime":38.0858053,"_step":5}