{"_runtime":16.3409572,"_step":10,"epoch":9,"train_loss":0.18535944080439207,"val_accuracy":0.886,"test_accuracy":0.8723,"_wandb":{"runtime":16},"_timestamp":1.7407837649790075e+09}