{"epoch":9,"train_loss":0.4082897502101681,"val_accuracy":0.8696666666666667,"test_accuracy":0.8647,"_wandb":{"runtime":10},"_timestamp":1.7407720791914608e+09,"_runtime":10.7077227,"_step":10}