{"_wandb":{"runtime":42},"epoch":9,"train_loss":0.34106838391545996,"val_accuracy":0.8828333333333334,"_timestamp":1.7407704369346526e+09,"_runtime":42.9465803,"_step":10,"test_accuracy":0.8714}