{"val_accuracy":0.8615,"_timestamp":1.7407726100395043e+09,"_runtime":12.0412867,"test_accuracy":0.8527,"_wandb":{"runtime":12},"_step":10,"epoch":9,"train_loss":0.4104708433084979}