{"_step":10,"test_accuracy":0.872,"_wandb":{"runtime":20},"epoch":9,"train_loss":0.13272285787124913,"val_accuracy":0.8805,"_timestamp":1.7407819375871472e+09,"_runtime":20.8243124}