{"test_accuracy":0.8012,"_wandb":{"runtime":15},"epoch":9,"train_loss":0.4195143555333069,"val_accuracy":0.7975,"_timestamp":1.7407811267135541e+09,"_runtime":15.6522933,"_step":10}