{"_timestamp":1.7407728666590765e+09,"_runtime":5.5207729,"_step":5,"epoch":4,"train_loss":0.43315932604127755,"test_accuracy":0.8443,"_wandb":{"runtime":5},"val_accuracy":0.8535}