{"_runtime":10.8112238,"_step":10,"epoch":9,"train_loss":0.32396771044590233,"val_accuracy":0.8745,"test_accuracy":0.8665,"_wandb":{"runtime":10},"_timestamp":1.7407744897722628e+09}