{"_wandb":{"runtime":10},"_runtime":10.2097466,"_step":10,"epoch":9,"train_loss":0.44215116202623084,"val_accuracy":0.8523333333333334,"_timestamp":1.7407725920170183e+09,"test_accuracy":0.8483}