{"train_loss":0.11960701290966844,"val_accuracy":0.8738333333333334,"_timestamp":1.7407693574782138e+09,"_runtime":44.557127,"_step":10,"test_accuracy":0.8676,"_wandb":{"runtime":44},"epoch":9}