{"epoch":9,"test_accuracy":0.8608,"_wandb":{"runtime":10},"train_loss":0.39297007756501995,"val_accuracy":0.8655,"_timestamp":1.7407843691396415e+09,"_runtime":10.0465457,"_step":10}