{"_wandb":{"runtime":63},"val_accuracy":0.8831666666666667,"_timestamp":1.740782125720451e+09,"_runtime":63.9170754,"_step":10,"epoch":9,"train_loss":0.18770883121649135,"test_accuracy":0.8757}