{"train_loss":0.5229704736529883,"val_accuracy":0.8158333333333333,"_timestamp":1.740781316696438e+09,"_runtime":10.075728,"_step":10,"test_accuracy":0.8137,"_wandb":{"runtime":10},"epoch":9}