{"epoch":4,"test_accuracy":0.8661,"_wandb":{"runtime":31},"train_loss":0.3891989057285788,"val_accuracy":0.87,"_timestamp":1.7407714916304567e+09,"_runtime":31.7679491,"_step":5}