{"test_accuracy":0.8706,"_wandb":{"runtime":30},"epoch":9,"train_loss":0.38237023812590765,"val_accuracy":0.876,"_timestamp":1.7407818391148663e+09,"_runtime":30.4132463,"_step":10}