{"train_loss":0.25428587129619523,"test_accuracy":0.8603,"_wandb":{"runtime":9},"val_accuracy":0.8646666666666667,"_timestamp":1.7407838058350482e+09,"_runtime":9.592541,"_step":10,"epoch":9}