{"_step":10,"test_accuracy":0.8621,"_wandb":{"runtime":26},"epoch":9,"train_loss":0.1416993638577973,"val_accuracy":0.869,"_timestamp":1.740771642780373e+09,"_runtime":26.8248699}