{"train_loss":0.2651298036597245,"val_accuracy":0.8733333333333333,"test_accuracy":0.8697,"_wandb":{"runtime":51},"_timestamp":1.740770702713789e+09,"_runtime":51.8393386,"_step":10,"epoch":9}