{"_step":10,"epoch":9,"test_accuracy":0.8715,"_wandb":{"runtime":10},"train_loss":0.15493779618340273,"val_accuracy":0.8778333333333334,"_timestamp":1.7407757453207498e+09,"_runtime":10.2008632}