{"test_accuracy":0.8678,"_wandb":{"runtime":17},"_runtime":17.131061,"_step":10,"epoch":9,"train_loss":0.4871337721380198,"val_accuracy":0.8775,"_timestamp":1.740784116711932e+09}