{"_wandb":{"runtime":9},"epoch":9,"train_loss":0.3287571804816355,"val_accuracy":0.8786666666666667,"_timestamp":1.7407728229396927e+09,"_runtime":9.2656141,"_step":10,"test_accuracy":0.8696}