{"_wandb":{"runtime":13},"epoch":9,"train_loss":0.21890701783105232,"val_accuracy":0.8733333333333333,"_timestamp":1.740772385234145e+09,"_runtime":13.9393145,"_step":10,"test_accuracy":0.8603}