{"_runtime":11.707072,"_step":10,"epoch":9,"train_loss":0.47755476220315274,"val_accuracy":0.8755,"test_accuracy":0.8737,"_wandb":{"runtime":11},"_timestamp":1.740782572458965e+09}