{"_step":10,"epoch":9,"train_loss":0.12431949503136921,"val_accuracy":0.871,"test_accuracy":0.8648,"_wandb":{"runtime":34},"_timestamp":1.7407708728099678e+09,"_runtime":34.7544408}