{"val_accuracy":0.8418333333333333,"_timestamp":1.7407675302729604e+09,"_runtime":17.8822818,"test_accuracy":0.8376,"_wandb":{"runtime":17},"_step":10,"epoch":9,"train_loss":0.3877168781429973}