{"_wandb":{"runtime":9},"_runtime":9.1237345,"_step":10,"epoch":9,"train_loss":0.2507743240316688,"val_accuracy":0.8735,"_timestamp":1.740775261314244e+09,"test_accuracy":0.8633}