{"epoch":9,"train_loss":0.2383098626616315,"val_accuracy":0.8833333333333333,"_timestamp":1.7407752276394522e+09,"_runtime":24.696445699999998,"test_accuracy":0.88,"_wandb":{"runtime":24},"_step":10}