{"_timestamp":1.7407692132893991e+09,"test_accuracy":0.7906,"_wandb":{"runtime":34},"_runtime":34.3305234,"_step":10,"epoch":9,"train_loss":0.21370043488190504,"val_accuracy":0.798}