{"epoch":9,"train_loss":0.41692928634814064,"val_accuracy":0.8683333333333333,"_timestamp":1.7407817182511313e+09,"test_accuracy":0.8619,"_wandb":{"runtime":13},"_runtime":13.2500788,"_step":10}