{"test_accuracy":0.8654,"_wandb":{"runtime":8},"_step":10,"epoch":9,"train_loss":0.43794798104895244,"val_accuracy":0.864,"_timestamp":1.740775760194855e+09,"_runtime":8.5635323}