{"_timestamp":1.7406422158534267e+09,"_wandb":{"runtime":0},"_runtime":0.8395306,"_step":7,"acc":0.9005081417476509,"loss":0.03429643718258919}