{"_step":10,"epoch":9,"train_loss":0.38678003557122714,"val_accuracy":0.8836666666666667,"test_accuracy":0.8806,"_wandb":{"runtime":16},"_timestamp":1.7407750795309865e+09,"_runtime":16.048684}