{"test_accuracy":0.1,"_wandb":{"runtime":16},"_timestamp":1.740781743416457e+09,"_runtime":16.2861178,"_step":10,"epoch":9,"train_loss":2.303061316261903,"val_accuracy":0.0995}