{"epoch":9,"train_loss":0.415768724709381,"test_accuracy":0.8714,"_wandb":{"runtime":9},"val_accuracy":0.8801666666666667,"_timestamp":1.7407839264789937e+09,"_runtime":9.9639558,"_step":10}