{"_runtime":18.4344735,"_step":10,"test_accuracy":0.8598,"_wandb":{"runtime":18},"epoch":9,"train_loss":0.4472577838632995,"val_accuracy":0.865,"_timestamp":1.7407822788467298e+09}