{"_wandb":{"runtime":26},"epoch":4,"train_loss":0.3701807622095452,"val_accuracy":0.8405,"_timestamp":1.740767700350458e+09,"_runtime":26.7046849,"_step":5,"test_accuracy":0.8286}