{"_wandb":{"runtime":13},"epoch":9,"train_loss":0.32728149444908905,"val_accuracy":0.8113333333333334,"_timestamp":1.7407714520537891e+09,"_runtime":13.4923254,"_step":10,"test_accuracy":0.8032}