{"_step":10,"epoch":9,"test_accuracy":0.8576,"_wandb":{"runtime":10},"train_loss":0.21378436527350037,"val_accuracy":0.8671666666666666,"_timestamp":1.7407715081706765e+09,"_runtime":10.6508453}