{"test_accuracy":0.8515,"_wandb":{"runtime":8},"epoch":4,"train_loss":0.33502359423705497,"val_accuracy":0.8608333333333333,"_timestamp":1.7407745809761927e+09,"_runtime":8.7149194,"_step":5}