{"test_accuracy":0.878,"_wandb":{"runtime":59},"train_loss":0.18069428159491827,"val_accuracy":0.8901666666666667,"_timestamp":1.74077276550413e+09,"_runtime":59.5668482,"_step":10,"epoch":9}