{"test_accuracy":0.8601,"_wandb":{"runtime":40},"train_loss":0.6746902660442242,"val_accuracy":0.8683333333333333,"_timestamp":1.7407831499561706e+09,"_runtime":40.5098074,"_step":10,"epoch":9}