{"_runtime":10.737378,"_step":10,"test_accuracy":0.8173,"_wandb":{"runtime":10},"epoch":9,"train_loss":0.5814950823384972,"val_accuracy":0.8195,"_timestamp":1.7407750417555225e+09}