{"val_accuracy":0.8721666666666666,"test_accuracy":0.8711,"_wandb":{"runtime":10},"_timestamp":1.7407745497602472e+09,"_runtime":10.3581712,"_step":10,"epoch":9,"train_loss":0.23870358029106012}