{"train_loss":0.4359258354057654,"val_accuracy":0.8745,"_timestamp":1.7407708292489798e+09,"test_accuracy":0.8748,"_wandb":{"runtime":76},"_runtime":76.3144298,"_step":10,"epoch":9}