{"_runtime":18.1235704,"_step":10,"epoch":9,"train_loss":0.9497527439610653,"val_accuracy":0.8,"test_accuracy":0.7969,"_wandb":{"runtime":18},"_timestamp":1.740782821013621e+09}