{"_runtime":17.3409457,"_step":10,"epoch":9,"test_accuracy":0.8739,"_wandb":{"runtime":17},"train_loss":0.21601777876532943,"val_accuracy":0.8776666666666667,"_timestamp":1.7407744647881162e+09}