{"_timestamp":1.7407840273017223e+09,"_runtime":9.1597841,"_step":10,"epoch":9,"test_accuracy":0.867,"_wandb":{"runtime":9},"train_loss":0.47087169730345996,"val_accuracy":0.8755}