{"_step":10,"epoch":9,"train_loss":0.30717826391550085,"val_accuracy":0.8665,"test_accuracy":0.8549,"_wandb":{"runtime":10},"_timestamp":1.7407824950239563e+09,"_runtime":10.0931379}