{"epoch":9,"train_loss":0.14402054651984647,"val_accuracy":0.858,"test_accuracy":0.8489,"_wandb":{"runtime":10},"_timestamp":1.7407822114407158e+09,"_runtime":10.4773983,"_step":10}