{"_runtime":11.6807454,"_step":10,"test_accuracy":0.8664,"_wandb":{"runtime":11},"epoch":9,"train_loss":0.14110745493948304,"val_accuracy":0.8813333333333333,"_timestamp":1.7407746003191028e+09}