{"_runtime":15.022459,"_step":10,"test_accuracy":0.8581,"_wandb":{"runtime":15},"epoch":9,"train_loss":0.48574698047175846,"val_accuracy":0.8615,"_timestamp":1.740775159597008e+09}