{"val_accuracy":0.8091666666666667,"_timestamp":1.7407747101316488e+09,"_runtime":13.5596199,"_step":10,"test_accuracy":0.8019,"_wandb":{"runtime":13},"epoch":9,"train_loss":0.5251228979691815}