{"epoch":9,"train_loss":0.29475997583391395,"val_accuracy":0.8675,"test_accuracy":0.8586,"_wandb":{"runtime":19},"_timestamp":1.7407723359061258e+09,"_runtime":19.0844054,"_step":10}