{"_step":10,"epoch":9,"test_accuracy":0.8141,"_wandb":{"runtime":13},"train_loss":0.6534096081263329,"val_accuracy":0.8195,"_timestamp":1.740772060159308e+09,"_runtime":13.1393188}