{"test_accuracy":0.8663,"_wandb":{"runtime":9},"epoch":9,"train_loss":0.39757613322933577,"val_accuracy":0.8728333333333333,"_timestamp":1.7407748462976422e+09,"_runtime":9.2116751,"_step":10}