{"epoch":9,"test_accuracy":0.8702,"_wandb":{"runtime":10},"train_loss":0.26830606192715617,"val_accuracy":0.879,"_timestamp":1.740782953555569e+09,"_runtime":10.6552725,"_step":10}