{"epoch":9,"test_accuracy":0.8501,"_wandb":{"runtime":12},"train_loss":0.37354296132647846,"val_accuracy":0.8593333333333333,"_timestamp":1.7407815242680008e+09,"_runtime":12.9802595,"_step":10}