{"_runtime":15.3391767,"_step":5,"test_accuracy":0.2355,"_wandb":{"runtime":15},"epoch":4,"train_loss":2.2866899366673294,"val_accuracy":0.23083333333333333,"_timestamp":1.7407717551524956e+09}