{"_wandb":{"runtime":14},"val_accuracy":0.8856666666666667,"_timestamp":1.7407826188856611e+09,"_runtime":14.8541319,"_step":10,"epoch":9,"train_loss":0.20044594359789053,"test_accuracy":0.8718}