{"_timestamp":1.740783742947372e+09,"_runtime":26.5059491,"_step":10,"test_accuracy":0.8856,"_wandb":{"runtime":26},"epoch":9,"train_loss":0.3111907286400024,"val_accuracy":0.8946666666666667}