{"_wandb":{"runtime":13},"epoch":9,"train_loss":0.19392768037187127,"val_accuracy":0.8848333333333334,"_timestamp":1.7407834126413336e+09,"_runtime":13.7611437,"_step":10,"test_accuracy":0.8773}