{"_wandb":{"runtime":7},"_runtime":7.7870072,"_step":5,"epoch":4,"train_loss":0.3457532263283305,"val_accuracy":0.8535,"_timestamp":1.7407814006219723e+09,"test_accuracy":0.8479}