{"_runtime":24.8582112,"_step":10,"test_accuracy":0.871,"_wandb":{"runtime":24},"epoch":9,"train_loss":0.5997604185970273,"val_accuracy":0.877,"_timestamp":1.7407827955351284e+09}