{"test_accuracy":0.8188,"_wandb":{"runtime":10},"epoch":9,"train_loss":0.41087318511562154,"val_accuracy":0.8255,"_timestamp":1.740772559834299e+09,"_runtime":10.6989259,"_step":10}