{"test_accuracy":0.8631,"_wandb":{"runtime":22},"train_loss":0.4892403900715624,"val_accuracy":0.873,"_timestamp":1.740783094888661e+09,"_runtime":22.166455,"_step":10,"epoch":9}