{"test_accuracy":0.882,"_wandb":{"runtime":19},"val_accuracy":0.8861666666666667,"_timestamp":1.74078435154035e+09,"_runtime":19.3791686,"_step":10,"epoch":9,"train_loss":0.25135820568828593}