{"_runtime":8.7176488,"_step":10,"epoch":9,"train_loss":0.16429359600658391,"test_accuracy":0.8621,"_wandb":{"runtime":8},"val_accuracy":0.8676666666666667,"_timestamp":1.740784432456414e+09}