{"test_accuracy":0.8783,"_wandb":{"runtime":8},"epoch":4,"train_loss":0.5249668089514419,"val_accuracy":0.884,"_timestamp":1.7407813316733322e+09,"_runtime":8.0034439,"_step":5}