{"_step":10,"epoch":9,"test_accuracy":0.8737,"_wandb":{"runtime":19},"train_loss":0.2643831849025541,"val_accuracy":0.8875,"_timestamp":1.7407812923939326e+09,"_runtime":19.2436212}