{"_wandb":{"runtime":13},"_step":10,"epoch":9,"train_loss":0.3909518943248786,"val_accuracy":0.8893333333333333,"_timestamp":1.7407821445577865e+09,"_runtime":13.5302292,"test_accuracy":0.8812}