{"_timestamp":1.740767635794963e+09,"_runtime":64.0449669,"_step":10,"test_accuracy":0.1,"_wandb":{"runtime":64},"epoch":9,"train_loss":2.322496574495033,"val_accuracy":0.1}