{"_step":10,"epoch":9,"train_loss":0.21965551028117933,"val_accuracy":0.8848333333333334,"_timestamp":1.740784163146026e+09,"test_accuracy":0.879,"_wandb":{"runtime":32},"_runtime":32.1836554}