{"_step":10,"test_accuracy":0.8716,"_wandb":{"runtime":11},"epoch":9,"train_loss":0.16268533920811123,"val_accuracy":0.88,"_timestamp":1.7407727864996648e+09,"_runtime":11.1953078}