{"_runtime":55.1541147,"_step":10,"test_accuracy":0.8809,"_wandb":{"runtime":55},"epoch":9,"train_loss":0.17361240784831755,"val_accuracy":0.8873333333333333,"_timestamp":1.740782400224686e+09}