{"test_accuracy":0.8794,"_wandb":{"runtime":13},"_step":10,"epoch":9,"train_loss":0.24662787021278743,"val_accuracy":0.8881666666666667,"_timestamp":1.7407827456652915e+09,"_runtime":13.4756148}