{"_runtime":40.7638948,"_step":10,"test_accuracy":0.8132,"_wandb":{"runtime":40},"epoch":9,"train_loss":0.49413142948931404,"val_accuracy":0.8156666666666667,"_timestamp":1.7407680234411235e+09}