{"_wandb":{"runtime":12},"epoch":9,"train_loss":0.7509513343958705,"val_accuracy":0.8301666666666667,"_timestamp":1.74077216804354e+09,"_runtime":12.8260917,"_step":10,"test_accuracy":0.82}