{"val_accuracy":0.10133333333333333,"_timestamp":1.7407828435469427e+09,"_runtime":13.8201395,"_step":10,"test_accuracy":0.1,"_wandb":{"runtime":13},"epoch":9,"train_loss":2.3030429572370767}