{"test_accuracy":0.8712,"_wandb":{"runtime":55},"epoch":9,"train_loss":0.22109669452128455,"val_accuracy":0.8778333333333334,"_timestamp":1.7407819987143703e+09,"_runtime":55.0514522,"_step":10}