{"test_accuracy":0.8503,"_wandb":{"runtime":15},"epoch":9,"train_loss":0.3288639729456331,"val_accuracy":0.857,"_timestamp":1.7407841868128588e+09,"_runtime":15.5571596,"_step":10}