{"_step":10,"epoch":9,"test_accuracy":0.8039,"_wandb":{"runtime":25},"train_loss":0.9083448651691948,"val_accuracy":0.8086666666666666,"_timestamp":1.7407811743174357e+09,"_runtime":25.1773187}