{"_runtime":0.8237585,"_step":7,"_wandb":{"runtime":0},"acc":0.8800798812335905,"loss":0.16814614864661748,"_timestamp":1.7406420051920795e+09}