{"val_accuracy":0.8861666666666667,"_timestamp":1.740784240218559e+09,"test_accuracy":0.8766,"_wandb":{"runtime":21},"_runtime":21.4906796,"_step":10,"epoch":9,"train_loss":0.17118734423786558}