{"test_accuracy":0.8625,"_wandb":{"runtime":49},"epoch":9,"train_loss":0.28321914822031247,"val_accuracy":0.867,"_timestamp":1.7407701727569652e+09,"_runtime":49.7315445,"_step":10}