{"_timestamp":1.7407691745779717e+09,"_runtime":27.5579092,"_step":10,"epoch":9,"train_loss":1.061999138763213,"test_accuracy":0.7086,"_wandb":{"runtime":27},"val_accuracy":0.7155}