{"val_accuracy":0.8478333333333333,"test_accuracy":0.8406,"_wandb":{"runtime":31},"_timestamp":1.7407677688551269e+09,"_runtime":31.3436042,"_step":10,"epoch":9,"train_loss":0.3124067989239841}