{"test_accuracy":0.8625,"_wandb":{"runtime":10},"_step":10,"epoch":9,"train_loss":0.3675980605813934,"val_accuracy":0.8583333333333333,"_timestamp":1.740775112017942e+09,"_runtime":10.740969400000001}