{"val_accuracy":0.8528333333333333,"test_accuracy":0.8407,"_wandb":{"runtime":46},"_timestamp":1.740769413231967e+09,"_runtime":46.8096119,"_step":10,"epoch":9,"train_loss":0.11605600778353879}