{"val_accuracy":0.874,"_timestamp":1.740781894615727e+09,"_runtime":15.9754699,"_step":10,"test_accuracy":0.8676,"_wandb":{"runtime":15},"epoch":9,"train_loss":0.3445398054106418}