{"_wandb":{"runtime":47},"epoch":9,"train_loss":0.30310066150203674,"val_accuracy":0.826,"_timestamp":1.7407697924194942e+09,"_runtime":47.5130002,"_step":10,"test_accuracy":0.82}