{"val_accuracy":0.874,"_timestamp":1.7407752833656974e+09,"_runtime":14.7113403,"_step":10,"epoch":9,"test_accuracy":0.8609,"_wandb":{"runtime":14},"train_loss":0.350061276033764}