{"_step":5,"epoch":4,"train_loss":0.4243523275200508,"val_accuracy":0.8653333333333333,"_timestamp":1.740767664450624e+09,"test_accuracy":0.8562,"_wandb":{"runtime":12},"_runtime":12.2793067}