{"test_accuracy":0.8764,"_wandb":{"runtime":12},"epoch":9,"train_loss":0.23784980217744378,"val_accuracy":0.8876666666666667,"_timestamp":1.7407817771465414e+09,"_runtime":12.0441545,"_step":10}