{"_step":5,"test_accuracy":0.6663,"_wandb":{"runtime":3},"epoch":4,"train_loss":1.0790763936191137,"val_accuracy":0.6696666666666666,"_timestamp":1.7407723637224336e+09,"_runtime":3.9358822}