{"val_accuracy":0.8425,"test_accuracy":0.8372,"_wandb":{"runtime":26},"_timestamp":1.7407757299365582e+09,"_runtime":26.8340777,"_step":10,"epoch":9,"train_loss":0.5485313211204822}