{"_runtime":44.7465288,"_step":10,"epoch":9,"train_loss":0.048529008832039776,"test_accuracy":0.8482,"_wandb":{"runtime":44},"val_accuracy":0.852,"_timestamp":1.7407704963504684e+09}