{"_wandb":{"runtime":9},"_runtime":9.3387971,"_step":10,"epoch":9,"train_loss":0.17050371384846974,"val_accuracy":0.8795,"_timestamp":1.7407830228237667e+09,"test_accuracy":0.8707}