{"train_loss":2.3135625424914013,"val_accuracy":0.10116666666666667,"_timestamp":1.7407674436410797e+09,"test_accuracy":0.1,"_wandb":{"runtime":11},"_runtime":11.4712999,"_step":5,"epoch":4}