{"test_accuracy":0.8715,"_wandb":{"runtime":11},"_runtime":11.3289804,"_step":10,"epoch":9,"train_loss":0.19873307950071506,"val_accuracy":0.8733333333333333,"_timestamp":1.7407837815591547e+09}