{"train_loss":0.3615122714777533,"val_accuracy":0.8706666666666667,"test_accuracy":0.8673,"_wandb":{"runtime":13},"_timestamp":1.7407840476667626e+09,"_runtime":13.3077665,"_step":10,"epoch":9}