{"test_accuracy":0.8587,"_wandb":{"runtime":10},"train_loss":0.21329576535413514,"val_accuracy":0.8641666666666666,"_timestamp":1.7407747451102545e+09,"_runtime":10.2108886,"_step":10,"epoch":9}