{"train_accuracy":0.4229074074074074,"test_accuracy":0.4253,"_step":15,"_timestamp":1.7408056635220041e+09,"train_loss":2.1251770363822695,"epoch":14,"val_loss":2.1016382635143334,"_runtime":16.3944411,"val_accuracy":0.428,"_wandb":{"runtime":16}}