{"epoch":9,"train_loss":0.39267414773841625,"val_accuracy":0.8525,"test_accuracy":0.8488,"_wandb":{"runtime":8},"_timestamp":1.7407749589780734e+09,"_runtime":8.9567007,"_step":10}