{"test_accuracy":0.8757,"_wandb":{"runtime":22},"_runtime":22.5369599,"_step":10,"epoch":9,"train_loss":0.315904774445526,"val_accuracy":0.8836666666666667,"_timestamp":1.7407751888148725e+09}