{"test_accuracy":0.8407,"_wandb":{"runtime":36},"epoch":4,"train_loss":0.32411918138078777,"val_accuracy":0.8491666666666666,"_timestamp":1.740783066568768e+09,"_runtime":36.9645124,"_step":5}