{"_runtime":14.4216552,"_step":10,"test_accuracy":0.8109,"_wandb":{"runtime":14},"epoch":9,"train_loss":0.7387721758916242,"val_accuracy":0.8121666666666667,"_timestamp":1.7407825373104098e+09}