{"_step":10,"test_accuracy":0.8755,"_wandb":{"runtime":10},"epoch":9,"train_loss":0.45065606337331887,"val_accuracy":0.8815,"_timestamp":1.7407824250222003e+09,"_runtime":10.3994585}