{"_step":5,"epoch":4,"train_loss":0.132907835164336,"test_accuracy":0.8534,"_wandb":{"runtime":21},"val_accuracy":0.8591666666666666,"_timestamp":1.7407715354834592e+09,"_runtime":21.6075422}