{"test_accuracy":0.8305,"_wandb":{"runtime":15},"epoch":4,"train_loss":0.44086192131706403,"val_accuracy":0.8295,"_timestamp":1.740775642921443e+09,"_runtime":15.5587669,"_step":5}