{"train_loss":0.1547406527568863,"val_accuracy":0.8595,"_timestamp":1.7407755492135122e+09,"test_accuracy":0.8537,"_wandb":{"runtime":39},"_runtime":39.9651355,"_step":10,"epoch":9}