{"train_loss":0.27898966054886165,"val_accuracy":0.877,"test_accuracy":0.8673,"_wandb":{"runtime":11},"_timestamp":1.74077542578224e+09,"_runtime":11.8587085,"_step":5,"epoch":4}