{"train_loss":0.048677765792869164,"test_accuracy":0.8777,"_wandb":{"runtime":77},"val_accuracy":0.8823333333333333,"_timestamp":1.7407701153383436e+09,"_runtime":77.4306505,"_step":10,"epoch":9}