{"_runtime":91.7715999,"_step":10,"epoch":9,"test_accuracy":0.877,"_wandb":{"runtime":91},"train_loss":0.144388182070568,"val_accuracy":0.8875,"_timestamp":1.7407681602746506e+09}