{"test_accuracy":0.8786,"_wandb":{"runtime":13},"epoch":9,"train_loss":0.1985543908506839,"val_accuracy":0.8835,"_timestamp":1.7407834335551724e+09,"_runtime":13.057534799999999,"_step":10}