{"_step":10,"test_accuracy":0.8806,"_wandb":{"runtime":27},"epoch":9,"train_loss":0.20171242357320562,"val_accuracy":0.892,"_timestamp":1.7407842955875823e+09,"_runtime":27.5755775}