{"_step":10,"test_accuracy":0.8452,"_wandb":{"runtime":58},"epoch":9,"train_loss":0.36625690361143026,"val_accuracy":0.853,"_timestamp":1.7407675068099704e+09,"_runtime":58.4890355}