{"val_accuracy":0.8898333333333334,"_timestamp":1.7407839079615822e+09,"_runtime":29.6655324,"test_accuracy":0.8839,"_wandb":{"runtime":29},"_step":10,"epoch":9,"train_loss":0.2075475789339521}