{"_step":10,"epoch":9,"train_loss":0.3105610158202141,"test_accuracy":0.8758,"_wandb":{"runtime":10},"val_accuracy":0.8866666666666667,"_timestamp":1.7407830063815062e+09,"_runtime":10.3663534}