{"test_accuracy":0.8269,"_wandb":{"runtime":51},"epoch":9,"train_loss":0.8269743425597507,"val_accuracy":0.83,"_timestamp":1.7407702329078138e+09,"_runtime":51.2564888,"_step":10}