{"test_accuracy":0.8734,"_wandb":{"runtime":13},"_step":10,"epoch":9,"train_loss":0.47933201734663977,"val_accuracy":0.8811666666666667,"_timestamp":1.740772438971424e+09,"_runtime":13.6325724}