{"test_accuracy":0.8704,"_wandb":{"runtime":64},"epoch":9,"train_loss":0.16381163584762254,"val_accuracy":0.8721666666666666,"_timestamp":1.740783571098296e+09,"_runtime":64.6117029,"_step":10}