{"_timestamp":1.7408057216284103e+09,"val_loss":0.4133660680828265,"_runtime":26.2787809,"_step":15,"val_accuracy":0.8478333333333333,"epoch":14,"train_loss":0.2746535480862241,"train_accuracy":0.8672592592592593,"_wandb":{"runtime":26},"test_accuracy":0.8425}