{"_wandb":{"runtime":70},"_timestamp":1.7407719127304075e+09,"_runtime":70.6126372,"_step":10,"epoch":9,"train_loss":0.29707225994265984,"val_accuracy":0.8798333333333334,"test_accuracy":0.8724}