{"_timestamp":1.7406421473145094e+09,"_wandb":{"runtime":0},"_runtime":0.8180594,"_step":7,"acc":0.9139194804901557,"loss":0.11279002632937077}