{"_runtime":22.0618177,"test_accuracy":0.8416,"_wandb":{"runtime":22},"_step":10,"epoch":9,"train_loss":0.22859869992879855,"val_accuracy":0.8546666666666667,"_timestamp":1.7407749225272593e+09}