{"val_accuracy":0.8125,"_timestamp":1.7407706027291565e+09,"_runtime":91.7589578,"_step":10,"epoch":9,"train_loss":0.3514574451854779,"test_accuracy":0.804,"_wandb":{"runtime":91}}