{"_step":10,"epoch":9,"test_accuracy":0.858,"_wandb":{"runtime":9},"train_loss":0.36872902792758,"val_accuracy":0.8701666666666666,"_timestamp":1.7407756587545683e+09,"_runtime":9.809129}