{"_wandb":{"runtime":9},"epoch":9,"train_loss":0.33988147843048555,"val_accuracy":0.868,"_timestamp":1.7407829351668508e+09,"_runtime":9.2681358,"_step":10,"test_accuracy":0.8584}