{"_runtime":46.7760628,"_step":10,"test_accuracy":0.8246,"_wandb":{"runtime":46},"epoch":9,"train_loss":0.4062640333980013,"val_accuracy":0.8338333333333333,"_timestamp":1.7407682644956348e+09}