{"_step":10,"test_accuracy":0.8468,"_wandb":{"runtime":25},"epoch":9,"train_loss":0.3515039996829696,"val_accuracy":0.851,"_timestamp":1.7407729245157032e+09,"_runtime":25.0338171}