{"_runtime":11.6277598,"_step":10,"test_accuracy":0.8653,"_wandb":{"runtime":11},"epoch":9,"train_loss":0.19942631585829068,"val_accuracy":0.8693333333333333,"_timestamp":1.7407725207025928e+09}