{"_step":10,"epoch":9,"train_loss":0.29530538798260486,"val_accuracy":0.8825,"test_accuracy":0.8695,"_wandb":{"runtime":39},"_timestamp":1.7407682082784612e+09,"_runtime":39.0073412}