{"acc":0.790446251399369,"loss":0.2252224717011413,"_wandb":{"runtime":0},"_timestamp":1.7406423351638374e+09,"_runtime":0.7881164,"_step":7}