{"epoch":4,"train_loss":2.2541713364691853,"val_accuracy":0.20166666666666666,"test_accuracy":0.2026,"_wandb":{"runtime":11},"_timestamp":1.740769141923733e+09,"_runtime":11.0010639,"_step":5}