{"epoch":4,"train_loss":0.6186446778063412,"test_accuracy":0.8015,"_wandb":{"runtime":11},"val_accuracy":0.8031666666666667,"_timestamp":1.7407812583817372e+09,"_runtime":11.508404,"_step":5}