{"_runtime":9.9296028,"_step":10,"epoch":9,"test_accuracy":0.8567,"_wandb":{"runtime":9},"train_loss":0.3410951153969246,"val_accuracy":0.8678333333333333,"_timestamp":1.7407819105187943e+09}