{"_wandb":{"runtime":71},"epoch":9,"train_loss":0.19631002926688546,"val_accuracy":0.8838333333333334,"_timestamp":1.7407815030805864e+09,"_runtime":71.6643205,"_step":10,"test_accuracy":0.8773}