{"_wandb":{"runtime":13},"epoch":9,"train_loss":0.26757723491926766,"val_accuracy":0.888,"_timestamp":1.7407840692310128e+09,"_runtime":13.168211,"_step":10,"test_accuracy":0.8801}