{"test_accuracy":0.8422,"_wandb":{"runtime":9},"_step":10,"epoch":9,"train_loss":0.41005653448190066,"val_accuracy":0.8505,"_timestamp":1.7407822535370853e+09,"_runtime":9.5437613}