{"test_accuracy":0.8645,"_wandb":{"runtime":8},"val_accuracy":0.8691666666666666,"_timestamp":1.7407757929267998e+09,"_runtime":8.6021399,"_step":10,"epoch":9,"train_loss":0.4359176210060671}