{"test_accuracy":0.8774,"_wandb":{"runtime":23},"_timestamp":1.7407749903546655e+09,"_runtime":23.9487594,"_step":10,"epoch":9,"train_loss":0.21412955008352264,"val_accuracy":0.8818333333333334}