{"_runtime":9.2346652,"_step":10,"epoch":9,"train_loss":0.22452103643079763,"val_accuracy":0.8735,"_timestamp":1.7407748626551838e+09,"test_accuracy":0.8696,"_wandb":{"runtime":9}}