{"test_accuracy":0.8233,"_wandb":{"runtime":56},"train_loss":0.5030833869328971,"val_accuracy":0.8351666666666666,"_timestamp":1.7407700301113892e+09,"_runtime":56.4832537,"_step":10,"epoch":9}