{"_timestamp":1.7407717345632055e+09,"_runtime":10.698633300000001,"_step":10,"epoch":9,"train_loss":2.3005527785033433,"test_accuracy":0.1,"_wandb":{"runtime":10},"val_accuracy":0.10116666666666667}