{"epoch":9,"train_loss":0.32328975637255053,"test_accuracy":0.8607,"_wandb":{"runtime":11},"val_accuracy":0.8685,"_timestamp":1.740784204533457e+09,"_runtime":11.7960294,"_step":10}