{"test_accuracy":0.8785,"_wandb":{"runtime":15},"_step":10,"epoch":9,"train_loss":0.21557358724688497,"val_accuracy":0.8836666666666667,"_timestamp":1.7407836401575878e+09,"_runtime":15.4990405}