{"val_accuracy":0.8525,"_timestamp":1.7407724707333548e+09,"test_accuracy":0.8465,"_wandb":{"runtime":23},"_runtime":23.6336864,"_step":5,"epoch":4,"train_loss":0.13668116379464865}