{"epoch":9,"train_loss":0.09935545401472695,"test_accuracy":0.8787,"_wandb":{"runtime":45},"val_accuracy":0.8823333333333333,"_timestamp":1.7407824764842775e+09,"_runtime":45.0779909,"_step":10}